,Equal Weight,Max Sharpe,Min Volatility,Max Return,Risk Parity,Market Cap,Momentum
ETH,0.125,0.0,0.0,0.0,0.14029330413878108,0.7603644554305956,0.12462160304810364
SOL,0.125,0.0,0.0,0.0,0.12287089806384051,0.04078496380595504,0.22253416319144528
HYPE,0.125,1.0,0.0,0.06783,0.08410442759832125,0.009123046302886594,0.16262006626725203
BNB,0.125,0.0,1.0,0.93217,0.22084802115839106,0.18267771207785707,0.2296123365180069
AVAX,0.125,0.0,0.0,0.0,0.11282713864262509,0.00559209481035002,0.2410642494481708
TRON,0.125,0.0,0.0,0.0,0.09521509740047789,5.876447836232624e-05,0.01694705338714777
APTOS,0.125,0.0,0.0,0.0,0.12356671619054987,0.0007801160934123691,0.0026005281398735823
SUI,0.125,0.0,0.0,0.0,0.10027439680701326,0.0006188470005809356,0.0
